{
	"uid": "vMp21JSMIoUGThhcpyCsGreyFM33",
	"email": "fbriiwd@gmail.com",
	"emailVerified": false,
	"displayName": null,
	"photoUrl": null,
	"phoneNumber": null,
	"disabled": false,
	"metadata": { "createdAt": "2020-08-13T07:15:59+00:00", "lastLoginAt": null },
	"providerData": [
		{
			"uid": "fbriiwd@gmail.com",
			"displayName": null,
			"email": "fbriiwd@gmail.com",
			"photoUrl": null,
			"providerId": "password",
			"phoneNumber": null
		}
	],
	"passwordHash": "UkVEQUNURUQ=",
	"passwordSalt": null,
	"customAttributes": [],
	"tokensValidAfterTime": {
		"date": "2020-08-13 07:15:59.000000",
		"timezone_type": 3,
		"timezone": "UTC"
	},
	"tenantId": null
},
{
	"uid": "zvOTzxtqWPPqq1dO3km3hb9Inql2",
	"email": "bagas@gmail.com",
	"emailVerified": false,
	"displayName": "Bagas",
	"photoUrl": "http://localhost/firebase/assets/img/profile/default.png",
	"phoneNumber": "+6282282194193",
	"disabled": false,
	"metadata": {
		"createdAt": "2020-08-16T02:54:14+00:00",
		"lastLoginAt": "2020-08-16T04:17:17+00:00"
	},
	"providerData": [
		{
			"uid": "+6282282194193",
			"displayName": null,
			"email": null,
			"photoUrl": null,
			"providerId": "phone",
			"phoneNumber": "+6282282194193"
		},
		{
			"uid": "bagas@gmail.com",
			"displayName": "Bagas",
			"email": "bagas@gmail.com",
			"photoUrl": "http://localhost/firebase/assets/img/profile/default.png",
			"providerId": "password",
			"phoneNumber": null
		}
	],
	"passwordHash": "UkVEQUNURUQ=",
	"passwordSalt": null,
	"customAttributes": [],
	"tokensValidAfterTime": {
		"date": "2020-08-16 02:54:14.000000",
		"timezone_type": 3,
		"timezone": "UTC"
	},
	"tenantId": null
})
