{
	"unit": [
		{ "unit_name": "Keda-AKU-Keu" },
		{ "unit_name": "Keda-AKU-SDM & Umum" },
		{ "unit_name": "Keda-Masa Bebas Tugas" },
		{ "unit_name": "Keda-Pengolahan-1" },
		{ "unit_name": "Keda-Tanaman-Afdeling 1" },
		{ "unit_name": "Keda-Tanaman-Afdeling 2" },
		{ "unit_name": "Keda-Tanaman-Afdeling 3" },
		{ "unit_name": "Keda-Tanaman-Afdeling 4" },
		{ "unit_name": "Keda-Tanaman1" },
		{ "unit_name": "Keda-Tanaman2- Afdeling 5" },
		{ "unit_name": "Keda-Tanaman2- Afdeling 6" },
		{ "unit_name": "Keda-Teknik-1" },
		{ "unit_name": "Unit Kedaton" }
	],
	"strata": [
		{ "strata_name": "Juru" },
		{ "strata_name": "Pelaksana" },
		{ "strata_name": "Pembina" },
		{ "strata_name": "Penata" },
		{ "strata_name": "Pengatur" },
		{ "strata_name": "Penyelia Madya" },
		{ "strata_name": "Penyelia Pratama" }
	],
	"position": [
		{ "position_name": "Agendaris" },
		{ "position_name": "Anggota Satpam" },
		{ "position_name": "Asisten Akuntansi dan Keuangan" },
		{ "position_name": "Asisten Kepala Tanaman" },
		{ "position_name": "Asisten Tanaman" },
		{ "position_name": "Asisten Teknik" },
		{ "position_name": "Bidan" },
		{ "position_name": "Dokter" },
		{ "position_name": "Juru Tulis Afdeling" },
		{ "position_name": "Juru Tulis Klinik" },
		{ "position_name": "Kepala Klinik/Paramedis /Bidan" },
		{ "position_name": "Kepala Satpam" },
		{ "position_name": "Krani Afdeling" },
		{ "position_name": "Krani Kartu Rekg./Pembukuan dan Aktiva" },
		{ "position_name": "Krani Kepala Keuangan/Pembukuan" },
		{ "position_name": "Krani Kepala SDM dan Umum" },
		{ "position_name": "Krani Produksi Tanaman" },
		{ "position_name": "Krani Teknik" },
		{ "position_name": "Krani Umum, Kemitraan dan PKBL" },
		{ "position_name": "Manajer Unit Grade 13" },
		{ "position_name": "Mandor Besar Tanaman" },
		{ "position_name": "Mandor Besar Teknik" },
		{ "position_name": "Mandor Hama dan Penyakit/Sensus" },
		{ "position_name": "Mandor Limbah" },
		{ "position_name": "Mandor Pemeliharaan" },
		{ "position_name": "Mandor Pengolahan RSS" },
		{ "position_name": "Mandor Sadap" },
		{ "position_name": "Mandor Sortasi RSS" },
		{ "position_name": "Mandor Stimulasi" },
		{ "position_name": "MBT Juru" },
		{ "position_name": "MBT Pelaksana" },
		{ "position_name": "MBT Penyelia Pratama" },
		{ "position_name": "Mekanik Instalasi Listrik Pabrik" },
		{ "position_name": "Operator Genset" },
		{ "position_name": "Operator Jembatan Timbang" },
		{ "position_name": "Operator Pompa Air Pabrik" },
		{ "position_name": "Pembantu Mekanik Instalasi Listrik" },
		{ "position_name": "Pembantu Mekanik/Reparasi" },
		{ "position_name": "Penyadap" },
		{ "position_name": "Petugas Balik Sheet" },
		{ "position_name": "Petugas Cabut Koagulum" },
		{ "position_name": "Petugas Jaga Kamar Asap" },
		{ "position_name": "Petugas Kayu Bakar" },
		{ "position_name": "Petugas Pembekuan & Pencucian Bak Koagls" },
		{ "position_name": "Petugas Pemeliharaan" },
		{ "position_name": "Petugas Pencampur Bahan Kimia" },
		{ "position_name": "Petugas Penerima Lateks" },
		{ "position_name": "Petugas Penerimaan/Pengiriman LG" },
		{ "position_name": "Petugas Pengatur ke Lori" },
		{ "position_name": "Petugas Rubber Trap RSS" },
		{ "position_name": "Petugas Sheeter" },
		{ "position_name": "Petugas Sortasi RSS" },
		{ "position_name": "Petugas Stasiun Tangki Lateks (STL)" },
		{ "position_name": "Petugas Talang, Pembekuan & Kutip Aval" },
		{ "position_name": "Petugas Timbang Sheet" },
		{ "position_name": "Petugas Turun Sheet dari Lori" },
		{ "position_name": "Pramubakti Kantor" },
		{ "position_name": "Serep Sadap" },
		{ "position_name": "Sopir Manajer" },
		{ "position_name": "Tap Kontrol" },
		{ "position_name": "Wakil Kepala Laboratorium/Krani Mrep" }
	],
	"ps_group": [
		{ "ps_group_name": "0HON" },
		{ "ps_group_name": "0PKWT" },
		{ "ps_group_name": "IA" },
		{ "ps_group_name": "IB" },
		{ "ps_group_name": "IC" },
		{ "ps_group_name": "ID" },
		{ "ps_group_name": "IIA" },
		{ "ps_group_name": "IIB" },
		{ "ps_group_name": "IIC" },
		{ "ps_group_name": "IID" },
		{ "ps_group_name": "IIIA" },
		{ "ps_group_name": "IIIB" },
		{ "ps_group_name": "IIID" },
		{ "ps_group_name": "IVB" }
	]
}
