{
	"unit": [
		{ "unit_name": "Keda-AKU-Keu" },
		{ "unit_name": "Keda-AKU-SDM & Umum" },
		{ "unit_name": "Keda-Masa Bebas Tugas" },
		{ "unit_name": "Keda-Pengolahan-1" },
		{ "unit_name": "Keda-Tanaman-Afdeling 1" },
		{ "unit_name": "Keda-Tanaman-Afdeling 2" },
		{ "unit_name": "Keda-Tanaman-Afdeling 3" },
		{ "unit_name": "Keda-Tanaman-Afdeling 4" },
		{ "unit_name": "Keda-Tanaman1" },
		{ "unit_name": "Keda-Tanaman2- Afdeling 5" },
		{ "unit_name": "Keda-Tanaman2- Afdeling 6" },
		{ "unit_name": "Keda-Teknik-1" },
		{ "unit_name": "Unit Kedaton" }
	]
}
